{"cameraMode":{"drawMode":0,"name":"Shaded","section":"Shading Mode"},"sceneLighting":true,"audioPlay":false,"sceneViewState":{"showFog":true,"showMaterialUpdate":false,"showSkybox":true,"showFlares":true,"showImageEffects":true,"showParticleSystems":true},"in2DMode":false,"pivot":{"x":2.591142177581787,"y":0.4999997615814209,"z":3.3333444595336916},"rotation":{"x":0.19841305911540986,"y":0.557399570941925,"z":-0.1392090767621994,"w":0.7941117882728577},"size":2.3520452976226808,"orthographic":true}