{"cameraMode":{"drawMode":0,"name":"Shaded","section":"Shading Mode"},"sceneLighting":true,"audioPlay":false,"sceneViewState":{"showFog":true,"showMaterialUpdate":false,"showSkybox":true,"showFlares":true,"showImageEffects":true,"showParticleSystems":true},"in2DMode":false,"pivot":{"x":2.591142177581787,"y":0.4999997615814209,"z":3.3333444595336916},"rotation":{"x":0.13855692744255067,"y":0.7066370248794556,"z":-0.14416946470737458,"w":0.6787714958190918},"size":10.377093315124512,"orthographic":true}