{"cameraMode":{"drawMode":0,"name":"Shaded","section":"Shading Mode"},"sceneLighting":true,"audioPlay":false,"sceneViewState":{"showFog":true,"showMaterialUpdate":false,"showSkybox":true,"showFlares":true,"showImageEffects":true,"showParticleSystems":true},"in2DMode":false,"pivot":{"x":-3.0478515625,"y":1.35107421875,"z":2.345458984375},"rotation":{"x":0.08158125728368759,"y":0.8495430946350098,"z":-0.1377788782119751,"w":0.5026714205741882},"size":4.615448474884033,"orthographic":true}