{"cameraMode":{"drawMode":0,"name":"Shaded","section":"Shading Mode"},"sceneLighting":true,"audioPlay":false,"sceneViewState":{"showFog":true,"showMaterialUpdate":false,"showSkybox":true,"showFlares":true,"showImageEffects":true,"showParticleSystems":true},"in2DMode":false,"pivot":{"x":0.0,"y":3.109999656677246,"z":0.29999998211860659},"rotation":{"x":-0.03708597272634506,"y":0.924077570438385,"z":-0.3688843548297882,"w":-0.09290279448032379},"size":37.420066833496097,"orthographic":true}