{"cameraMode":{"drawMode":0,"name":"Shaded","section":"Shading Mode"},"sceneLighting":true,"audioPlay":false,"sceneViewState":{"showFog":true,"showMaterialUpdate":false,"showSkybox":true,"showFlares":true,"showImageEffects":true,"showParticleSystems":true},"in2DMode":false,"pivot":{"x":-0.05209457874298096,"y":3.109999656677246,"z":6.704557418823242},"rotation":{"x":0.08158125728368759,"y":0.8495430946350098,"z":-0.1377788782119751,"w":0.5026714205741882},"size":2.818244695663452,"orthographic":true}