{"cameraMode":{"drawMode":0,"name":"Shaded","section":"Shading Mode"},"sceneLighting":false,"audioPlay":false,"sceneViewState":{"showFog":true,"showMaterialUpdate":false,"showSkybox":false,"showFlares":true,"showImageEffects":true,"showParticleSystems":true},"in2DMode":false,"pivot":{"x":0.07500004768371582,"y":0.30000001192092898,"z":0.07499998807907105},"rotation":{"x":0.0770576000213623,"y":0.82147616147995,"z":-0.11432662606239319,"w":0.5533552765846252},"size":1.2772040367126465,"orthographic":true}