{"cameraMode":{"drawMode":0,"name":"Shaded","section":"Shading Mode"},"sceneLighting":true,"audioPlay":false,"sceneViewState":{"showFog":true,"showMaterialUpdate":false,"showSkybox":true,"showFlares":true,"showImageEffects":true,"showParticleSystems":true},"in2DMode":false,"pivot":{"x":-15.9365234375,"y":14.59814453125,"z":-15.576171875},"rotation":{"x":0.18814325332641602,"y":-0.02060161903500557,"z":0.004063630476593971,"w":0.9819561839103699},"size":30.817678451538087,"orthographic":true}